Ayush,ayushupflairs@gmail.com
Dharma,dharamrajyadav6313@gmail.com
Dharmraj,dharamraj.upflairs@gmail.com
Gurmit,er.gur@outlook.com
jigar,jigarradhey0@gmail.com
MR,mrdevil2712006@gmail.com
Ranjit Singh,ranjitsingh97591@gmail.com
Rebel,rivelmr1@gmail.com
Ritik2,singhritik00901@gmail.com
ritik3,singhritik009012@gmail.com
ritik4,singhritik0090123@gmail.com
ritik5,singhritik00901234@gmail.com
sejal,upflairs.sejal@gmail.com
